<iconset version="1" name="Lifelines [NAPS]" defaultGroup="Transportation" skipResize="false" uid="7936b162a0218a42beab4f1ca36687c001aef698674fb1044f1751bdc1a17a94">
   <icon name="comm - 911 dispatch gray halo.png"/>
   <icon name="comm - 911 dispatch green halo.png"/>
   <icon name="comm - 911 dispatch red halo.png"/>
   <icon name="comm - 911 dispatch with label clr.png"/>
   <icon name="comm - 911 dispatch yellow halo.png"/>
   <icon name="comm - 911 dispatch.png"/>
   <icon name="comm - alerts warnings messages gray halo.png"/>
   <icon name="comm - alerts warnings messages green halo.png"/>
   <icon name="comm - alerts warnings messages red halo.png"/>
   <icon name="comm - alerts warnings messages with label clr.png"/>
   <icon name="comm - alerts warnings messages yellow halo.png"/>
   <icon name="comm - alerts warnings messages.png"/>
   <icon name="comm - financial services gray halo.png"/>
   <icon name="comm - financial services green halo.png"/>
   <icon name="comm - financial services red halo.png"/>
   <icon name="comm - financial services with label clr.png"/>
   <icon name="comm - financial services yellow halo.png"/>
   <icon name="comm - financial services.png"/>
   <icon name="comm - icon only amber halo.png"/>
   <icon name="comm - icon only gray halo.png"/>
   <icon name="comm - icon only green halo.png"/>
   <icon name="comm - icon only no halo.png"/>
   <icon name="comm - icon only red halo.png"/>
   <icon name="comm - icon only yellow halo.png"/>
   <icon name="comm - infrastructure gray halo.png"/>
   <icon name="comm - infrastructure green halo.png"/>
   <icon name="comm - infrastructure red halo.png"/>
   <icon name="comm - infrastructure with label clr.png"/>
   <icon name="comm - infrastructure yellow halo.png"/>
   <icon name="comm - infrastructure.png"/>
   <icon name="comm - responder communications gray halo.png"/>
   <icon name="comm - responder communications green halo.png"/>
   <icon name="comm - responder communications red halo.png"/>
   <icon name="comm - responder communications with label clr.png"/>
   <icon name="comm - responder communications yellow halo.png"/>
   <icon name="comm - responder communications.png"/>
   <icon name="comm - with label amber halo.png"/>
   <icon name="comm - with label gray halo.png"/>
   <icon name="comm - with label green halo.png"/>
   <icon name="comm - with label no halo.png"/>
   <icon name="comm - with label red halo.png"/>
   <icon name="comm - with label yellow halo.png"/>
   <icon name="energy  - fuel &amp; powerl green.png"/>
   <icon name="energy - fuel &amp; power clr.png"/>
   <icon name="energy - fuel &amp; power gray.png"/>
   <icon name="energy - fuel &amp; power red.png"/>
   <icon name="energy - fuel &amp; power yellow.png"/>
   <icon name="energy - fuel &amp; power.png"/>
   <icon name="energy - fuel only.png"/>
   <icon name="energy - power clr.png"/>
   <icon name="energy - power fuel only amber.png"/>
   <icon name="energy - power fuel only gray.png"/>
   <icon name="energy - power fuel only red.png"/>
   <icon name="energy - power fuel only yellow.png"/>
   <icon name="energy - power gray.png"/>
   <icon name="energy - power green.png"/>
   <icon name="energy - power red.png"/>
   <icon name="energy - power yellow.png"/>
   <icon name="energy - power.png"/>
   <icon name="agriculture clr.png"/>
   <icon name="agriculture gray.png"/>
   <icon name="agriculture green.png"/>
   <icon name="agriculture red.png"/>
   <icon name="agriculture yellow.png"/>
   <icon name="agriculture.png"/>
   <icon name="food  gray.png"/>
   <icon name="food clr.png"/>
   <icon name="food green.png"/>
   <icon name="food red.png"/>
   <icon name="food water shelter amber.png"/>
   <icon name="food water shelter gray.png"/>
   <icon name="food water shelter green.png"/>
   <icon name="food water shelter red.png"/>
   <icon name="food water shelter yellow.png"/>
   <icon name="food water shelter.png"/>
   <icon name="food yellow.png"/>
   <icon name="food.png"/>
   <icon name="shelter clr.png"/>
   <icon name="shelter gray.png"/>
   <icon name="shelter green.png"/>
   <icon name="shelter red.png"/>
   <icon name="shelter yellow.png"/>
   <icon name="shelter.png"/>
   <icon name="water clr.png"/>
   <icon name="water gray.png"/>
   <icon name="water green.png"/>
   <icon name="water red.png"/>
   <icon name="water yellow.png"/>
   <icon name="water.png"/>
   <icon name="hazardous materials amber.png"/>
   <icon name="hazardous materials facilities clr.png"/>
   <icon name="hazardous materials facilities gray.png"/>
   <icon name="hazardous materials facilities green.png"/>
   <icon name="hazardous materials facilities red.png"/>
   <icon name="hazardous materials facilities yellow.png"/>
   <icon name="hazardous materials facilities.png"/>
   <icon name="hazardous materials gray.png"/>
   <icon name="hazardous materials green.png"/>
   <icon name="hazardous materials hazmat pollutants contaminants clr.png"/>
   <icon name="hazardous materials hazmat pollutants contaminants gray.png"/>
   <icon name="hazardous materials hazmat pollutants contaminants green.png"/>
   <icon name="hazardous materials hazmat pollutants contaminants red.png"/>
   <icon name="hazardous materials hazmat pollutants contaminants yellow.png"/>
   <icon name="hazardous materials hazmat pollutants contaminants.png"/>
   <icon name="hazardous materials label amber.png"/>
   <icon name="hazardous materials label gray.png"/>
   <icon name="hazardous materials label green.png"/>
   <icon name="hazardous materials label red.png"/>
   <icon name="hazardous materials label.png"/>
   <icon name="hazardous materials red.png"/>
   <icon name="hazardous materials yellow.png"/>
   <icon name="hazardous materials.png"/>
   <icon name="hazardousmaterials label yellow.png"/>
   <icon name="health and medical -  medical supply chain.png"/>
   <icon name="health and medical - amber.png"/>
   <icon name="health and medical - gray.png"/>
   <icon name="health and medical - green.png"/>
   <icon name="health and medical - medical care clr.png"/>
   <icon name="health and medical - medical care gray.png"/>
   <icon name="health and medical - medical care green.png"/>
   <icon name="health and medical - medical care red.png"/>
   <icon name="health and medical - medical care.png"/>
   <icon name="health and medical - medical supply chain clr.png"/>
   <icon name="health and medical - medical supply chain gray.png"/>
   <icon name="health and medical - medical supply chain green.png"/>
   <icon name="health and medical - medical supply chain red.png"/>
   <icon name="health and medical - medical supply chain yellow.png"/>
   <icon name="health and medical - public health clr.png"/>
   <icon name="health and medical - public health gray.png"/>
   <icon name="health and medical - public health green.png"/>
   <icon name="health and medical - public health red.png"/>
   <icon name="health and medical - public health yellow.png"/>
   <icon name="health and medical - public health.png"/>
   <icon name="health and medical fatality management clr.png"/>
   <icon name="health and medical fatality management gray.png"/>
   <icon name="health and medical fatality management green.png"/>
   <icon name="health and medical fatality management red.png"/>
   <icon name="health and medical fatality management yellow.png"/>
   <icon name="health and medical fatality management.png"/>
   <icon name="health and medical patient movement clr.png"/>
   <icon name="health and medical patient movement gray.png"/>
   <icon name="health and medical patient movement green.png"/>
   <icon name="health and medical patient movement red.png"/>
   <icon name="health and medical patient movement yellow.png"/>
   <icon name="health and medical patient movement.png"/>
   <icon name="health and medical w-label gray.png"/>
   <icon name="health and medical w-label red.png"/>
   <icon name="health and medical w-label yellow.png"/>
   <icon name="health and medical w-label.png"/>
   <icon name="health and medical.png"/>
   <icon name="health andmedical w-label green.png"/>
   <icon name="health-and-medical - yellow.png"/>
   <icon name="health-and-medical with label amber.png"/>
   <icon name="safety and security - community safety gray.png"/>
   <icon name="safety and security - community safety green.png"/>
   <icon name="safety and security - community safety red.png"/>
   <icon name="safety and security - community safety w-label clr.png"/>
   <icon name="safety and security - community safety yellow.png"/>
   <icon name="safety and security - community safety.png"/>
   <icon name="safety and security - fire services gray.png"/>
   <icon name="safety and security - fire services green.png"/>
   <icon name="safety and security - fire services red.png"/>
   <icon name="safety and security - fire services yellow.png"/>
   <icon name="safety and security - fire services.png"/>
   <icon name="safety and security - government services gray.png"/>
   <icon name="safety and security - government services green.png"/>
   <icon name="safety and security - government services red.png"/>
   <icon name="safety and security - government services w-label clr.png"/>
   <icon name="safety and security - government services yellow.png"/>
   <icon name="safety and security - government services.png"/>
   <icon name="safety and security - icon amber.png"/>
   <icon name="safety and security - icon gray.png"/>
   <icon name="safety and security - icon green.png"/>
   <icon name="safety and security - icon red.png"/>
   <icon name="safety and security - icon yellow-.png"/>
   <icon name="safety and security - icon.png"/>
   <icon name="safety and security - law enforcement security gray.png"/>
   <icon name="safety and security - law enforcement security green.png"/>
   <icon name="safety and security - law enforcement security red.png"/>
   <icon name="safety and security - law enforcement security yellow.png"/>
   <icon name="safety and security - law enforcement security.png"/>
   <icon name="safety and security - law enforcement-security w-label clr.png"/>
   <icon name="safety and security - search and rescue gray.png"/>
   <icon name="safety and security - search and rescue green.png"/>
   <icon name="safety and security - search and rescue red.png"/>
   <icon name="safety and security - search and rescue w-label clr.png"/>
   <icon name="safety and security - search and rescue yellow.png"/>
   <icon name="safety and security - search and rescue.png"/>
   <icon name="safety and security - w-label amber.png"/>
   <icon name="safety and security - w-label gray.png"/>
   <icon name="safety and security - w-label green.png"/>
   <icon name="safety and security fire services w-label clr.png"/>
   <icon name="safety and security w-label red.png"/>
   <icon name="safety and security w-label yellow.png"/>
   <icon name="safety and security w-label.png"/>
   <icon name="transportation - aviation gray.png"/>
   <icon name="transportation - aviation green.png"/>
   <icon name="transportation - aviation red.png"/>
   <icon name="transportation - aviation w-label clr.png"/>
   <icon name="transportation - aviation yellow.png"/>
   <icon name="transportation - aviation.png"/>
   <icon name="transportation - highway roadway gray.png"/>
   <icon name="transportation - highway roadway green.png"/>
   <icon name="transportation - highway roadway red.png"/>
   <icon name="transportation - highway roadway w-label clr.png"/>
   <icon name="transportation - highway roadway yellow.png"/>
   <icon name="transportation - highway roadway.png"/>
   <icon name="transportation - icon amber.png"/>
   <icon name="transportation - icon gray.png"/>
   <icon name="transportation - icon green.png"/>
   <icon name="transportation - icon red.png"/>
   <icon name="transportation - icon yellow.png"/>
   <icon name="transportation - icon.png"/>
   <icon name="transportation - maritime gray.png"/>
   <icon name="transportation - maritime green.png"/>
   <icon name="transportation - maritime red.png"/>
   <icon name="transportation - maritime w-label clr.png"/>
   <icon name="transportation - maritime yellow.png"/>
   <icon name="transportation - maritime.png"/>
   <icon name="transportation - mass transit gray.png"/>
   <icon name="transportation - mass transit green.png"/>
   <icon name="transportation - mass transit red.png"/>
   <icon name="transportation - mass transit w-label clr.png"/>
   <icon name="transportation - mass transit yellow.png"/>
   <icon name="transportation - mass transit.png"/>
   <icon name="transportation - railway gray.png"/>
   <icon name="transportation - railway green.png"/>
   <icon name="transportation - railway red.png"/>
   <icon name="transportation - railway w-label clr.png"/>
   <icon name="transportation - railway yellow.png"/>
   <icon name="transportation - railway.png"/>
   <icon name="transportation - w-label amber.png"/>
   <icon name="transportation - w-label gray.png"/>
   <icon name="transportation - w-label yellow.png"/>
   <icon name="transportation - w-label.png"/>
   <icon name="transportation - with label green.png"/>
   <icon name="transportation w-label red.png"/>
</iconset>