<iconset version="1" name="Preplan [NAPS]" defaultGroup="Alarm Detectors" skipResize="false" uid="e0ce724db88458dd26b1271d4b6bdded66df0bcf4766ceaef8553488f39d51df">
   <icon name="Alarm - FTR.png"/>
   <icon name="Alarm Communications  Annunciator Panel.png"/>
   <icon name="Alarm Control Panel Burglar Alarm.png"/>
   <icon name="Alarm Control Panel FAC.png"/>
   <icon name="Alarm Control Panel Fire Alarm Control Panel.png"/>
   <icon name="Alarm Control Panel Switchboard Panel.png"/>
   <icon name="Alarm Control Panel Voice Control Panel.png"/>
   <icon name="Alarm Control Panel.png"/>
   <icon name="Alarm Reset Panel.png"/>
   <icon name="Alarm Smoke Panel.png"/>
   <icon name="Alarm Voice Control Panel.png"/>
   <icon name="Alarm.png"/>
   <icon name="Dector Smoke.png"/>
   <icon name="Detector (Generic).png"/>
   <icon name="Detector - Duct.png"/>
   <icon name="Detector - Flame.png"/>
   <icon name="Detector - Flow Switch.png"/>
   <icon name="Detector - Flow.png"/>
   <icon name="Detector - Gas Detector.png"/>
   <icon name="Detector - Gas.png"/>
   <icon name="Detector - Heat.png"/>
   <icon name="Detector - Ionization.png"/>
   <icon name="Detector - Level.png"/>
   <icon name="Detector - Photoelectric.png"/>
   <icon name="Detector - Pressure.png"/>
   <icon name="Detector - Smoke Beam.png"/>
   <icon name="Detector - Tamper Switch.png"/>
   <icon name="Detector - Tamper.png"/>
   <icon name="Detector -Duct Smoke.png"/>
   <icon name="Detector Heat.png"/>
   <icon name="Detector Smoke.png"/>
   <icon name="Detector.png"/>
   <icon name="Heat Detector Fixed Temp.png"/>
   <icon name="Heat Detector Rate Compensate.png"/>
   <icon name="Heat Detector Rate Fixed.png"/>
   <icon name="Heat Detector Rate of Rise.png"/>
   <icon name="Air Handling.png"/>
   <icon name="CNG Main.png"/>
   <icon name="CNG Sub.png"/>
   <icon name="CNG.png"/>
   <icon name="Electrical Main.png"/>
   <icon name="Electrical Sub.png"/>
   <icon name="Electrical.png"/>
   <icon name="Fuel Main.png"/>
   <icon name="Fuel Pipeline.png"/>
   <icon name="Fuel Sub.png"/>
   <icon name="Fuel.png"/>
   <icon name="Gas MAIN.png"/>
   <icon name="Gas SUB.png"/>
   <icon name="Gas.png"/>
   <icon name="Generic.png"/>
   <icon name="LNG Main.png"/>
   <icon name="LNG Sub.png"/>
   <icon name="LNG.png"/>
   <icon name="Oxygen.png"/>
   <icon name="Refrigeration Main.png"/>
   <icon name="Refrigeration Sub.png"/>
   <icon name="Refrigeration.png"/>
   <icon name="Shutoff.png"/>
   <icon name="Solar Panel MAIN.png"/>
   <icon name="Solar Panel Sub.png"/>
   <icon name="Solar Panel.png"/>
   <icon name="Steam Main.png"/>
   <icon name="Steam.png"/>
   <icon name="Telecommunications MAIN.png"/>
   <icon name="Telecommunications Network.png"/>
   <icon name="Telecommunications TV.png"/>
   <icon name="Telecommunications.png"/>
   <icon name="Water Shutoff Main.png"/>
   <icon name="Water Shutoff Sub.png"/>
   <icon name="Water Shutoff.png"/>
   <icon name="Agent Container.png"/>
   <icon name="Class-K.png"/>
   <icon name="Clean Agent.png"/>
   <icon name="Clean Gas.png"/>
   <icon name="CO2.png"/>
   <icon name="Dry Chemical.png"/>
   <icon name="Fire - Blank.png"/>
   <icon name="Fire Department Connection - Combination Sprinkler Standpipe.png"/>
   <icon name="Fire Department Connection - Sprinkler.png"/>
   <icon name="Fire Department Connection -Standpipe Connection.png"/>
   <icon name="Fire Department Connection.png"/>
   <icon name="Fire Department ConnectionV2.png"/>
   <icon name="Fire Hose Connection (Wet).png"/>
   <icon name="Fire Hose Connection.png"/>
   <icon name="Fire Monitor (Dry).png"/>
   <icon name="Fire Monitor Charged.png"/>
   <icon name="Fire Pump w-Drive.png"/>
   <icon name="Fire Pump w-Out Drive.png"/>
   <icon name="Fire Pump.png"/>
   <icon name="Fire Sup - Riser (Dry).png"/>
   <icon name="Fire Sup - Riser (Wet).png"/>
   <icon name="Fire System.png"/>
   <icon name="Foam.png"/>
   <icon name="Halon.png"/>
   <icon name="Hose Connection (Dry).png"/>
   <icon name="Hose Reel (CO2).png"/>
   <icon name="Hose Reel (Dry).png"/>
   <icon name="Hose Reel (Foam).png"/>
   <icon name="Hose Reel (Wet).png"/>
   <icon name="Hose Reel Dry Chemical.png"/>
   <icon name="Sprinkler Control Valve - Post Indicating Valve.png"/>
   <icon name="Sprinkler Control Valve Non-Indicating.png"/>
   <icon name="Sprinkler Control Valve Outside Screw &amp; Yoke.png"/>
   <icon name="Sprinkler Control Valve Wall Post-Indicating Valve.png"/>
   <icon name="Sprinkler Control Valve Zone Valve.png"/>
   <icon name="Sprinkler Control Valve.png"/>
   <icon name="Sprinkler System (Deluge).png"/>
   <icon name="Sprinkler System (Dry).png"/>
   <icon name="Sprinkler System (General).png"/>
   <icon name="Sprinkler System PreAction.png"/>
   <icon name="Sprinkler System Semi-Automatic.png"/>
   <icon name="Water Source - Drafting Site.png"/>
   <icon name="Water Source - Dry Hydrant.png"/>
   <icon name="Water Source - Hydrant Fire.png"/>
   <icon name="Water Source - Static.png"/>
   <icon name="Water Source - Water Inlet.png"/>
   <icon name="Water.png"/>
   <icon name="Wet Chemical.png"/>
   <icon name="Knox - Door Entry.png"/>
   <icon name="Knox - Drug Vault.png"/>
   <icon name="Knox - Key Shunt.png"/>
   <icon name="Knox - Keycard.png"/>
   <icon name="Knox - Plain.png"/>
   <icon name="Knox - Residential.png"/>
   <icon name="Air Conditioning.png"/>
   <icon name="Area of Refuge-2.png"/>
   <icon name="Blank.png"/>
   <icon name="Boiler Room.png"/>
   <icon name="Business - Bank.png"/>
   <icon name="Business - Grocery.png"/>
   <icon name="Business - Retail.png"/>
   <icon name="Business.png"/>
   <icon name="Catwalk-2.png"/>
   <icon name="Catwalk.png"/>
   <icon name="Childcare - Infant.png"/>
   <icon name="Childcare Child.png"/>
   <icon name="Classroom.png"/>
   <icon name="Electrical - Room.png"/>
   <icon name="Electrical - Transformer.png"/>
   <icon name="Electrical - Vault.png"/>
   <icon name="Electrical Generator - Battery.png"/>
   <icon name="Electrical Generator - Diesel.png"/>
   <icon name="Electrical Generator - Electrical Battery.png"/>
   <icon name="Electrical Generator - Electrical.png"/>
   <icon name="Electrical Generator.png"/>
   <icon name="Electrical Powerlines.png"/>
   <icon name="Electrical Room.png"/>
   <icon name="Electrical Transformer.png"/>
   <icon name="Electrical Vault.png"/>
   <icon name="Elevator Room.png"/>
   <icon name="Emergency Control Station.png"/>
   <icon name="Fuel Pump - Diesel.png"/>
   <icon name="Fuel Pump - Regular.png"/>
   <icon name="Fuel Pump Diesel.png"/>
   <icon name="Functional Area-2.png"/>
   <icon name="Garbage - Chute.png"/>
   <icon name="Garbage - Dumpster.png"/>
   <icon name="Garbage - Recycling.png"/>
   <icon name="Garbage.png"/>
   <icon name="Guard Shack.png"/>
   <icon name="Kitchen-2.png"/>
   <icon name="Kitchen.png"/>
   <icon name="Laundry Room-2.png"/>
   <icon name="Laundry Room.png"/>
   <icon name="Library.png"/>
   <icon name="Living Space.png"/>
   <icon name="Loading Dock.png"/>
   <icon name="Loading Truck Well.png"/>
   <icon name="Location - Air Conditioning.png"/>
   <icon name="Location - Auditorium.png"/>
   <icon name="Location - Auto Garage.png"/>
   <icon name="Location - Carport.png"/>
   <icon name="Location - Functional area.png"/>
   <icon name="Location - Gym or Arena.png"/>
   <icon name="Location - Institutional.png"/>
   <icon name="Location - Living Space.png"/>
   <icon name="Location - Mercantile.png"/>
   <icon name="Location - Outdoor Space.png"/>
   <icon name="Location - Parking.png"/>
   <icon name="Location - Repair Build.png"/>
   <icon name="Location - Storage.png"/>
   <icon name="Location - Utility.png"/>
   <icon name="Location - Work Space.png"/>
   <icon name="Main Entry-2.png"/>
   <icon name="Main Entry.png"/>
   <icon name="Manual - Materials Safety Data Sheet.png"/>
   <icon name="Manual - Operations Manual.png"/>
   <icon name="Manual.png"/>
   <icon name="Medical - AED.png"/>
   <icon name="Medical - First Aid.png"/>
   <icon name="Medical - Nurse Station.png"/>
   <icon name="Medical.png"/>
   <icon name="Most Important.png"/>
   <icon name="MostImportant1.png"/>
   <icon name="MostImportant2.png"/>
   <icon name="MostImportant3.png"/>
   <icon name="Office.png"/>
   <icon name="Outdoor Space.png"/>
   <icon name="Parking (covered).png"/>
   <icon name="Parking (NO).png"/>
   <icon name="Parking.png"/>
   <icon name="People - Contact Information.png"/>
   <icon name="People - Handicapped.png"/>
   <icon name="People - Occupant.png"/>
   <icon name="Repair-Build.png"/>
   <icon name="Residential.png"/>
   <icon name="Restrooms - Men.png"/>
   <icon name="Restrooms - Women.png"/>
   <icon name="Restrooms.png"/>
   <icon name="Safety - Decontamination Shower.png"/>
   <icon name="Safety - Eyewash.png"/>
   <icon name="Safety - Fire Extinguisher.png"/>
   <icon name="Safety - Handwash.png"/>
   <icon name="Safety -Location--HVAC_32x32.png"/>
   <icon name="Security - Area of Refuge Accessible.png"/>
   <icon name="Security - Area of Refuge.png"/>
   <icon name="Security - Bomb- Shelter.png"/>
   <icon name="Security - Evacuation Shelter.png"/>
   <icon name="Security - Guard Shack.png"/>
   <icon name="Security - Guard.png"/>
   <icon name="Security - Safe Room.png"/>
   <icon name="Security - Safe Zone.png"/>
   <icon name="Security - Safe.png"/>
   <icon name="Security - Storm Shelter.png"/>
   <icon name="Storage-2.png"/>
   <icon name="Storage.png"/>
   <icon name="Telephone Equipment Room.png"/>
   <icon name="Telephone Equipment.png"/>
   <icon name="Utility Room.png"/>
   <icon name="Utility.png"/>
   <icon name="Work Space.png"/>
   <icon name="Attic Access.png"/>
   <icon name="Crawl Space Hatch.png"/>
   <icon name="Escalator.png"/>
   <icon name="Fire Escape.png"/>
   <icon name="Hatch.png"/>
   <icon name="Roof Access.png"/>
   <icon name="Stairs - Double.png"/>
   <icon name="Stairs - Lift.png"/>
   <icon name="Stairs - Single.png"/>
   <icon name="Stairs - Spiral.png"/>
</iconset>