<iconset version="1" name="Incident [NAPS]" defaultGroup="Incident Intel" skipResize="false" uid="c222ced3af7b8432840aa2b51c46575df78319817a6a250754cc49e71342b00a">
   <icon name="CLUE - Not Relevant.png"/>
   <icon name="CLUE - Relevant Known.png"/>
   <icon name="CLUE - Relevant Unknown.png"/>
   <icon name="CLUE - Reporting Party.png"/>
   <icon name="Communication Ops Generic.png"/>
   <icon name="Communication Ops Repeater.png"/>
   <icon name="Communication Ops Telephone.png"/>
   <icon name="Datum Finish.png"/>
   <icon name="Datum Start.png"/>
   <icon name="Datum.png"/>
   <icon name="IRDownlink.png"/>
   <icon name="LEVEL1 - Emergency Locating Transmitter.png"/>
   <icon name="LEVEL1 - Portable Locating Transmitter.png"/>
   <icon name="LEVEL1 Cell Phone.png"/>
   <icon name="LEVEL2 - Cell Phone.png"/>
   <icon name="LEVEL2 - Emergency Locating Transmitter.png"/>
   <icon name="LEVEL2 - Portable Locating Transmitter.png"/>
   <icon name="LEVEL3 - Cell Phone.png"/>
   <icon name="LEVEL3 - Emergency Locating Transmitter.png"/>
   <icon name="LEVEL3 - Portable Locating Transmitter.png"/>
   <icon name="Lookout.png"/>
   <icon name="Reporting Party.png"/>
   <icon name="Sensor - Biological.png"/>
   <icon name="Sensor - Chemical.png"/>
   <icon name="Sensor - Intruderl.png"/>
   <icon name="Sensor - Radiological.png"/>
   <icon name="Sensor - Weather.png"/>
   <icon name="Sensor General.png"/>
   <icon name="Absorbtion.png"/>
   <icon name="Area Command Post.png"/>
   <icon name="Barrier - Emergency Access Only.png"/>
   <icon name="Barrier - With Checkpoint.png"/>
   <icon name="Barrier - With Security.png"/>
   <icon name="Barrier.png"/>
   <icon name="Barrier1.png"/>
   <icon name="Base NWCG.png"/>
   <icon name="Base.png"/>
   <icon name="Bomb - Containment.png"/>
   <icon name="Bomb - Detonation Location.png"/>
   <icon name="Camp NWCG.png"/>
   <icon name="Camp.png"/>
   <icon name="Civilian Staging - Animal Reunification.png"/>
   <icon name="Civilian Staging - Family Reunification.png"/>
   <icon name="Civilian Staging - Not Specfic.png"/>
   <icon name="Civilian Staging - Transit.png"/>
   <icon name="Civilian Staging - Volunteer.png"/>
   <icon name="Command Post  Plain.png"/>
   <icon name="Command Post.png"/>
   <icon name="Communications Generic.png"/>
   <icon name="Dam.png"/>
   <icon name="Decon Ambulatory.png"/>
   <icon name="Decon NonAmbulatory.png"/>
   <icon name="Decontamination.png"/>
   <icon name="Dike.png"/>
   <icon name="Diversion.png"/>
   <icon name="Emergency Operations Cetner.png"/>
   <icon name="EMS ALS.png"/>
   <icon name="EMS BLS.png"/>
   <icon name="EMS Casuality Collection Point.png"/>
   <icon name="EMS ILS.png"/>
   <icon name="EMS Plain.png"/>
   <icon name="EMS Treatment Plain.png"/>
   <icon name="EMS Treatment.png"/>
   <icon name="EMS Triage.png"/>
   <icon name="Foam.png"/>
   <icon name="Incident Command Post.png"/>
   <icon name="Initial Planning Point Missing Persons Fugitive Search.png"/>
   <icon name="Joint Operations Center.png"/>
   <icon name="LZ Airport.png"/>
   <icon name="LZ Helibase.png"/>
   <icon name="LZ Marine Dock.png"/>
   <icon name="LZ Marine Launch Site.png"/>
   <icon name="LZ Marine.png"/>
   <icon name="Medical Supply Cache.png"/>
   <icon name="Multi Agency Coordination Center.png"/>
   <icon name="Public Information Media.png"/>
   <icon name="Public Information.png"/>
   <icon name="Repeater NWCG.png"/>
   <icon name="Repeater.png"/>
   <icon name="Responder First Aid.png"/>
   <icon name="Sensor - General.png"/>
   <icon name="Staging Air.png"/>
   <icon name="Staging CISM.png"/>
   <icon name="Staging EMS.png"/>
   <icon name="Staging Equiment.png"/>
   <icon name="Staging Faith.png"/>
   <icon name="Staging Fire.png"/>
   <icon name="Staging Law Enforcement.png"/>
   <icon name="Staging NWCG.png"/>
   <icon name="Staging Priority1.png"/>
   <icon name="Staging Priority2.png"/>
   <icon name="Staging Rehab.png"/>
   <icon name="Staging.png"/>
   <icon name="Supply Distribution Food &amp; Water.png"/>
   <icon name="SWAT Canine.png"/>
   <icon name="SWAT EMT.png"/>
   <icon name="SWAT Hostage Negotation.png"/>
   <icon name="SWAT RallyPoint.png"/>
   <icon name="SWAT Rehearsal Area.png"/>
   <icon name="SWAT Standoff Location.png"/>
   <icon name="SWAT--Sniper-Location_32x32.png"/>
   <icon name="SWAT.png"/>
   <icon name="Telephone NWCG.png"/>
   <icon name="Water - Fire Hydrant.png"/>
   <icon name="Water Point - Helicopter.png"/>
   <icon name="Water Point - Retardent.png"/>
   <icon name="Water Point - Vehicle.png"/>
   <icon name="WaterPoint - General.png"/>
</iconset>