<iconset version="1" name="Other [NAPS]" defaultGroup="NIMS Organization Positions [NAPS]" skipResize="false" uid="59957ba671458fd8187f912ceeb570e37a14c6808709fe30e9358096d69c8d3c">
   <icon name="BRANCH -  (simple) HazMat.png"/>
   <icon name="BRANCH - (simple) - Air.png"/>
   <icon name="BRANCH - (simple) EMS.png"/>
   <icon name="BRANCH - (simple) FIRE.png"/>
   <icon name="BRANCH - Air.png"/>
   <icon name="BRANCH - EMS.png"/>
   <icon name="BRANCH - FIRE.png"/>
   <icon name="BRANCH - HazMat.png"/>
   <icon name="BRANCH - LAW.png"/>
   <icon name="BRANCH - PW.png"/>
   <icon name="BRANCH - SAR.png"/>
   <icon name="BRANCH-II.png"/>
   <icon name="BRANCH-III.png"/>
   <icon name="BRANCH-IIX.png"/>
   <icon name="BRANCH-IV.png"/>
   <icon name="BRANCH-IX.png"/>
   <icon name="BRANCH-S-I.png"/>
   <icon name="BRANCH-S-II.png"/>
   <icon name="BRANCH-S-III.png"/>
   <icon name="BRANCH-S-IIX.png"/>
   <icon name="BRANCH-S-IV.png"/>
   <icon name="BRANCH-S-IX.png"/>
   <icon name="BRANCH-S-LAW.png"/>
   <icon name="BRANCH-S-PW.png"/>
   <icon name="BRANCH-S-SAR.png"/>
   <icon name="BRANCH-S-V.png"/>
   <icon name="BRANCH-S-VI.png"/>
   <icon name="BRANCH-S-VII.png"/>
   <icon name="BRANCH-S-X.png"/>
   <icon name="BRANCH-V.png"/>
   <icon name="BRANCH-VI.png"/>
   <icon name="BRANCH-VII.png"/>
   <icon name="BRANCH-X.png"/>
   <icon name="BRANCH.png"/>
   <icon name="D1.png"/>
   <icon name="D10.png"/>
   <icon name="D2.png"/>
   <icon name="D3.png"/>
   <icon name="D4.png"/>
   <icon name="D5.png"/>
   <icon name="D6.png"/>
   <icon name="D7.png"/>
   <icon name="D8.png"/>
   <icon name="D9.png"/>
   <icon name="DA.png"/>
   <icon name="DB.png"/>
   <icon name="DC.png"/>
   <icon name="DD.png"/>
   <icon name="DE.png"/>
   <icon name="DF.png"/>
   <icon name="DG.png"/>
   <icon name="DIVISION - ALPH -A.png"/>
   <icon name="DIVISION - ALPH -B.png"/>
   <icon name="DIVISION- ALPH -C.png"/>
   <icon name="DIVISION- ALPH -D.png"/>
   <icon name="DIVISION- ALPH -E.png"/>
   <icon name="DIVISION- ALPH -F.png"/>
   <icon name="DIVISION- ALPH -G.png"/>
   <icon name="DIVISION--6.png"/>
   <icon name="DIVISION-1.png"/>
   <icon name="DIVISION-10.png"/>
   <icon name="DIVISION-2.png"/>
   <icon name="DIVISION-3.png"/>
   <icon name="DIVISION-4.png"/>
   <icon name="DIVISION-5.png"/>
   <icon name="DIVISION-7.png"/>
   <icon name="DIVISION-8.png"/>
   <icon name="DIVISION-9.png"/>
   <icon name="GROUP - (simple) -EMS.png"/>
   <icon name="GROUP - (simple) -Medical.png"/>
   <icon name="GROUP - (simple) -Rescue.png"/>
   <icon name="GROUP - (simple) -RIG.png"/>
   <icon name="GROUP - EMS.png"/>
   <icon name="GROUP - Medical.png"/>
   <icon name="GROUP - Rescue.png"/>
   <icon name="GROUP - RIG.png"/>
   <icon name="GROUP - SAR.png"/>
   <icon name="GROUP - SEARCH.png"/>
   <icon name="GROUP - VENT.png"/>
   <icon name="GROUP- (simple) - VENT.png"/>
   <icon name="GROUP- (simple) -SAR.png"/>
   <icon name="GROUP- (simple) -SEARCH.png"/>
   <icon name="SECTION - DIC.png"/>
   <icon name="SECTION - IC.png"/>
   <icon name="SECTION - LNO.png"/>
   <icon name="SECTION - PIO.png"/>
   <icon name="SECTION - SO.png"/>
   <icon name="SECTION- (simple) - Finance.png"/>
   <icon name="SECTION- (simple) - IC.png"/>
   <icon name="SECTION- (simple) - LNO.png"/>
   <icon name="SECTION- (simple) - Logistics.png"/>
   <icon name="SECTION- (simple) - Operations.png"/>
   <icon name="SECTION- (simple) -DIC.png"/>
   <icon name="SECTION- (simple) -PIO.png"/>
   <icon name="SECTION- (simple) -Planning.png"/>
   <icon name="SECTION- (simple) -SO.png"/>
   <icon name="SIMPLE - BLANK.png"/>
   <icon name="Animal Hazard.png"/>
   <icon name="Blank.png"/>
   <icon name="Extra-21.png"/>
   <icon name="Extra-22.png"/>
   <icon name="Extra-23.png"/>
   <icon name="Extra-24.png"/>
   <icon name="Hazard - Fire - Other.png"/>
   <icon name="Hazard Flood.png"/>
   <icon name="HazMa Class Other.png"/>
   <icon name="Human Remains Removed.png"/>
   <icon name="Human Remains.png"/>
   <icon name="Human Victim Confirmed.png"/>
   <icon name="Human Victim Detected.png"/>
   <icon name="LZ - Helibase.png"/>
   <icon name="No Access.png"/>
   <icon name="Occupant Assisted.png"/>
   <icon name="Occupant Evaucated.png"/>
   <icon name="Occupant Followup.png"/>
   <icon name="Occupant Rescued.png"/>
   <icon name="Shelter-in-Place.png"/>
   <icon name="Structure - Damage.png"/>
   <icon name="Structure - Destroyed.png"/>
   <icon name="Structure - Failed.png"/>
   <icon name="Structure - No Damage.png"/>
   <icon name="Targeted Search.png"/>
</iconset>