<iconset version="1" name="Public Alerts &amp; Warnings [NAPS]" defaultGroup="Other" skipResize="false" uid="4f2b2d331356061b2100655b1349267d84a9692436f2b9de67b34c0cb35c64da">
   <icon name="Avalanche Warning.png"/>
   <icon name="Avalanche Watch.png"/>
   <icon name="Blizzard Warning.png"/>
   <icon name="Blue Alert Statement.png"/>
   <icon name="Child Abduction Emergency Statement.png"/>
   <icon name="Civil Danger Warning.png"/>
   <icon name="Civil Emergency Message Warning.png"/>
   <icon name="Coastal Flood Warning.png"/>
   <icon name="Coastal Flood Watch.png"/>
   <icon name="Dust Storm Warning.png"/>
   <icon name="Earthquake Statement.png"/>
   <icon name="Earthquake Warning.png"/>
   <icon name="Emergency Action Notification National Warning.png"/>
   <icon name="Emergency Telephone Outage  Warning.png"/>
   <icon name="Evacuate Immediately Warning.png"/>
   <icon name="Extreme Wind Warning.png"/>
   <icon name="Fire Warning.png"/>
   <icon name="Flash Flood Statement.png"/>
   <icon name="Flash Flood Warning.png"/>
   <icon name="Flash Flood Watch.png"/>
   <icon name="Flood Statement.png"/>
   <icon name="Flood Warning.png"/>
   <icon name="Flood Watch.png"/>
   <icon name="Hazardous Materials Warning.png"/>
   <icon name="High Wind Warning.png"/>
   <icon name="High Wind Watch.png"/>
   <icon name="Hurricane Statement.png"/>
   <icon name="Hurricane Warning.png"/>
   <icon name="Hurricane Watch.png"/>
   <icon name="Law Enforcement Warning.png"/>
   <icon name="Local Area Emergency Warning.png"/>
   <icon name="Nuclear Powerplant Warning.png"/>
   <icon name="Radiological Hazard Warning.png"/>
   <icon name="Severe Thunderstorm Warning.png"/>
   <icon name="Severe Thunderstorm Watch.png"/>
   <icon name="Severe Weather Statement.png"/>
   <icon name="Shelter In Place Warning.png"/>
   <icon name="Special Marine Warning.png"/>
   <icon name="Special Weather Statement.png"/>
   <icon name="Special Weather Warning.png"/>
   <icon name="Storm Surge Warning.png"/>
   <icon name="Storm Surge Watch.png"/>
   <icon name="Tornado Warning.png"/>
   <icon name="Tornado Watch.png"/>
   <icon name="Tropical Storm Warning.png"/>
   <icon name="Tropical Storm Watch.png"/>
   <icon name="Tsunami Warning.png"/>
   <icon name="Tsunami Watch.png"/>
   <icon name="Volcano Warning.png"/>
   <icon name="Winter Storm Warning.png"/>
   <icon name="Winter Storm Watch.png"/>
</iconset>