<iconset version="1" name="Hazard [NAPS]" defaultGroup="Natural Hazard" skipResize="false" uid="f900b19caed913093f1eba3b7aec769090d6c78abc7b7d802ed398602681a2fc">
   <icon name="Aerial Hazard.png"/>
   <icon name="Biohazard.png"/>
   <icon name="Bowstrin Truss.png"/>
   <icon name="Building Over-Next to Water.png"/>
   <icon name="Close Exposure.png"/>
   <icon name="Collapse.png"/>
   <icon name="Common Attic.png"/>
   <icon name="Confined Space.png"/>
   <icon name="DO NOT ENTER - Building.png"/>
   <icon name="DO NOT USE Water.png"/>
   <icon name="Electical Hazards.png"/>
   <icon name="Evaucation Hazards.png"/>
   <icon name="Fall Hazards.png"/>
   <icon name="General Hazards.png"/>
   <icon name="Hazardous Entry Violent.png"/>
   <icon name="Hazardous Entry.png"/>
   <icon name="Hazardous Shaft.png"/>
   <icon name="Hazardous Voids.png"/>
   <icon name="HazMat Tank Horizontal.png"/>
   <icon name="HazMat Tank Underground.png"/>
   <icon name="HazMat Tank Vertical.png"/>
   <icon name="High Fire Load.png"/>
   <icon name="High Occupancy Load.png"/>
   <icon name="High Pile Storage.png"/>
   <icon name="Lightweight Floor.png"/>
   <icon name="Lightweight Roof.png"/>
   <icon name="Magnetic Hazards.png"/>
   <icon name="ManTrap or Entrapment.png"/>
   <icon name="No Roof Operations.png"/>
   <icon name="No Water Supply.png"/>
   <icon name="Not Occupied or Abandoned.png"/>
   <icon name="Poison.png"/>
   <icon name="Poor or No Radio Reception.png"/>
   <icon name="Powerline Above.png"/>
   <icon name="Radioactive.png"/>
   <icon name="Safety Zone Gun Cover.png"/>
   <icon name="Slip Hazards.png"/>
   <icon name="Soft Soil.png"/>
   <icon name="Truss General.png"/>
   <icon name="Truss Metal.png"/>
   <icon name="Truss Wood I Beam.png"/>
   <icon name="Truss Wood.png"/>
   <icon name="Class 1 Blasting Agent 15.png"/>
   <icon name="Class 1 Explosives 11.png"/>
   <icon name="Class 1 Explosives 12.png"/>
   <icon name="Class 1 Explosives 13.png"/>
   <icon name="Class 1 Explosives 14.png"/>
   <icon name="Class 1 Explosives 15.png"/>
   <icon name="Class 1 Explosives 16.png"/>
   <icon name="Class 1 Explosives.png"/>
   <icon name="Class 2 Chlorine.png"/>
   <icon name="Class 2 Flammable Gas 21.png"/>
   <icon name="Class 2 Flammable Gas.png"/>
   <icon name="Class 2 Flammable Liquid.png"/>
   <icon name="Class 2 Flammable Solid.png"/>
   <icon name="Class 2 Inhalation Hazards 23.png"/>
   <icon name="Class 2 Non Flammable Gas 22.png"/>
   <icon name="Class 2 Oxygen 22.png"/>
   <icon name="Class 3 Combustible.png"/>
   <icon name="Class 3 Flammable.png"/>
   <icon name="Class 3 Fuel Oil.png"/>
   <icon name="Class 3 Gasoline.png"/>
   <icon name="Class 4 Dangerous When Wet.png"/>
   <icon name="Class 4 Flammable Solids.png"/>
   <icon name="Class 4 Spontaneously Combustible.png"/>
   <icon name="Class 5 Organic Peroxides 51.png"/>
   <icon name="Class 5 Organic Peroxides 52.png"/>
   <icon name="Class 5 Oxidizers 51.png"/>
   <icon name="Class 6 Infectious.png"/>
   <icon name="Class 6 Inhalation Hazards.png"/>
   <icon name="Class 6 Poison Gas.png"/>
   <icon name="Class 6 Poisons.png"/>
   <icon name="Class 6 Toxic Gas.png"/>
   <icon name="Class 6 Toxic.png"/>
   <icon name="Class 7 Radioactive.png"/>
   <icon name="Class 8 Acids.png"/>
   <icon name="Class 8 Alkaline.png"/>
   <icon name="Class 8 Corrosive.png"/>
   <icon name="Class 9.png"/>
   <icon name="Class Other 1.png"/>
   <icon name="Class Other 2.png"/>
   <icon name="Class Other 3.png"/>
   <icon name="Class Other DANGEROUS.png"/>
   <icon name="Class Other HOT.png"/>
   <icon name="Class Other Store Away From Food.png"/>
   <icon name="Hazard.png"/>
   <icon name="Explosion.png"/>
   <icon name="Fire Commercial.png"/>
   <icon name="Fire Forest.png"/>
   <icon name="Fire House.png"/>
   <icon name="Fire Industrial.png"/>
   <icon name="Fire Other.png"/>
   <icon name="Fire School.png"/>
   <icon name="Hazard - Other.png"/>
   <icon name="Hazard - Plane Crash.png"/>
   <icon name="Hazard - Radiological General.png"/>
   <icon name="Hazard - Radiological Nuclear Power.png"/>
   <icon name="Hazard - Structural Collapse.png"/>
   <icon name="Hazard - Train Derail.png"/>
   <icon name="HazMat Release.png"/>
   <icon name="Hazard - Avalanche.png"/>
   <icon name="Hazard - Earthquake.png"/>
   <icon name="Hazard - Flood.png"/>
   <icon name="Hazard - Hurricane.png"/>
   <icon name="Hazard - Landslide.png"/>
   <icon name="Hazard - Mine Collapse.png"/>
   <icon name="Hazard - Severe Weather.png"/>
   <icon name="Hazard - Snow Event.png"/>
   <icon name="Hazard - Tornado.png"/>
   <icon name="Hazard - Tsunami.png"/>
   <icon name="Hazard - Volcano.png"/>
   <icon name="Hazard - Wind Storm.png"/>
</iconset>