<iconset version="1" name="Infrastructure [NAPS]" defaultGroup="COMMUNICATION" skipResize="false" uid="7c22753a555c1f3b8dcafe950a3a8900f6d93e59620553f2a4cf1f4015443c2e">
   <icon name="Animal Slaughtering-Processing Facilities.png"/>
   <icon name="Aquaculture Facilities.png"/>
   <icon name="Beef Cattle Ranches-Farms.png"/>
   <icon name="Botanical-Zoological Gardens.png"/>
   <icon name="Cattle Feedlots.png"/>
   <icon name="Dairy Cattle Farms.png"/>
   <icon name="Fruit-Tree-Nut Farms.png"/>
   <icon name="Greenhouse Facilities.png"/>
   <icon name="Hog-Pig-Farms.png"/>
   <icon name="Hunting Facilities.png"/>
   <icon name="Oilseed-Grain Farms.png"/>
   <icon name="Other Crop Farms.png"/>
   <icon name="Poultry-Egg Production Farms.png"/>
   <icon name="Poultry-Slaughtering-Processing-Facilities.png"/>
   <icon name="State Fairgrounds.png"/>
   <icon name="Vegetable Farms.png"/>
   <icon name="Border Crossings.png"/>
   <icon name="Ports of Entry.png"/>
   <icon name="Biological Products Manufacturing Facilities.png"/>
   <icon name="Chemical Manufacturing Facilities.png"/>
   <icon name="Environmental Protection Facility.png"/>
   <icon name="Explosives Manufacturing Facilities.png"/>
   <icon name="Hazardous Manufacturing.png"/>
   <icon name="Nitrogenous Fertilizer Plants.png"/>
   <icon name="Pharmaceutical Preparation Manufacturing Facilities.png"/>
   <icon name="Phosphatic Fertilizer Plants.png"/>
   <icon name="Solid Waste Landfill Facilities.png"/>
   <icon name="Book Store.png"/>
   <icon name="Clothing Store.png"/>
   <icon name="Convenience Store.png"/>
   <icon name="Electronics Store.png"/>
   <icon name="Grocery Store.png"/>
   <icon name="Hardware Store.png"/>
   <icon name="Hotel-Motel.png"/>
   <icon name="Mall-Shopping Centers.png"/>
   <icon name="Office Supply-Service Store.png"/>
   <icon name="Shopping Cart.png"/>
   <icon name="Sporting Store.png"/>
   <icon name="Store.png"/>
   <icon name="AM Transmission Towers.png"/>
   <icon name="Antenna Structure.png"/>
   <icon name="Cellular Towers.png"/>
   <icon name="FM Transmission.png"/>
   <icon name="Land Mobile Broadcast Towers.png"/>
   <icon name="Land Mobile Commercial Transmission Towers.png"/>
   <icon name="Land Mobile Private Transmission Towers.png"/>
   <icon name="Microwave Service Towers.png"/>
   <icon name="Paging Transmission Towers.png"/>
   <icon name="Television Transmission Station Analog.png"/>
   <icon name="Television Transmission Station Digital.png"/>
   <icon name="Transmission Tower.png"/>
   <icon name="Transmission Towers Mobile.png"/>
   <icon name="Colleges-Universities.png"/>
   <icon name="Day Care Centers.png"/>
   <icon name="Flight Schools.png"/>
   <icon name="Private Schools.png"/>
   <icon name="Public Schools.png"/>
   <icon name="School.png"/>
   <icon name="Supplemental Colleges.png"/>
   <icon name="Truck Driving Schools.png"/>
   <icon name="911 Communication Centers.png"/>
   <icon name="American Red Cross Chapter Facilities.png"/>
   <icon name="American Red Cross Headquarters.png"/>
   <icon name="Emergency Animal Shelter.png"/>
   <icon name="Emergency Medical Service EMS Stations.png"/>
   <icon name="Emergency Services.png"/>
   <icon name="Emergency Shelter.png"/>
   <icon name="EMS Air Medical Service Providers ADAMS AAMS.png"/>
   <icon name="Federal Emergency Management Agency Headquarters.png"/>
   <icon name="Federal Emergency Management Agency Recovery Offices.png"/>
   <icon name="Fire Station.png"/>
   <icon name="Local Emergency Operation Centers EOC.png"/>
   <icon name="State Emergency Operation Centers EOC.png"/>
   <icon name="Biodiesel Gas.png"/>
   <icon name="Biodiesel Plants.png"/>
   <icon name="CNG Fuel Station.png"/>
   <icon name="Coal Processing.png"/>
   <icon name="Coal Storage.png"/>
   <icon name="Coal.png"/>
   <icon name="Crude Oil Storage.png"/>
   <icon name="Diesel Gas.png"/>
   <icon name="Diesel Plant.png"/>
   <icon name="Distribution Control Facilities.png"/>
   <icon name="E-85 Fuel Station.png"/>
   <icon name="Electric Power Generation Plants.png"/>
   <icon name="Electric Vehicle Charging Station.png"/>
   <icon name="Electricity Substations.png"/>
   <icon name="Electricity.png"/>
   <icon name="Environmental Protection Agency Facility Registry Service (EPA FRS) Power Plant.png"/>
   <icon name="Ethanol Plants.png"/>
   <icon name="Ethanol Transloading Facilities.png"/>
   <icon name="Gas Stations.png"/>
   <icon name="HY Fuel Station.png"/>
   <icon name="Liquified Natural Gas Import-Exports Terminals.png"/>
   <icon name="LNG Fuel Station.png"/>
   <icon name="LPG Fuel Station.png"/>
   <icon name="M-85 Methanol Fuel Station.png"/>
   <icon name="Natural Gas Compressor Stations.png"/>
   <icon name="Natural Gas Import-Export.png"/>
   <icon name="Natural Gas Market Hubs.png"/>
   <icon name="Natural Gas Processing Plants.png"/>
   <icon name="Natural Gas Receipt Delivery.png"/>
   <icon name="Natural Gas Storage Facilities.png"/>
   <icon name="Natural Gas.png"/>
   <icon name="Nuclear Fuel Plant.png"/>
   <icon name="Nuclear Power Plant.png"/>
   <icon name="Nuclear Research Facility.png"/>
   <icon name="Ocean Oil Platforms.png"/>
   <icon name="Oil Refineries.png"/>
   <icon name="Oil-Natural Gas Interconnects.png"/>
   <icon name="Oil-Natural Gas Platform.png"/>
   <icon name="Oil-Natural Gas Wells.png"/>
   <icon name="Petroleum Oil-Lubricant Terminals.png"/>
   <icon name="Petroleum Ports.png"/>
   <icon name="Petroluem Processing.png"/>
   <icon name="Petroluem Storage.png"/>
   <icon name="POL Pumping Station.png"/>
   <icon name="Propane Retailer Locations.png"/>
   <icon name="Strategic-Petroleum Reserves.png"/>
   <icon name="Bank.png"/>
   <icon name="Credit Union.png"/>
   <icon name="Public Refrigerated Warehouses.png"/>
   <icon name="City Hall.png"/>
   <icon name="Courthouse.png"/>
   <icon name="Government Facilities.png"/>
   <icon name="Joint Operation Center [JOC].png"/>
   <icon name="Major State Government Buildings.png"/>
   <icon name="State Government Capitol.png"/>
   <icon name="Weather Radar Station.png"/>
   <icon name="Adult Care Facilities.png"/>
   <icon name="Blood-Organ Banks.png"/>
   <icon name="Cemeteries-Crematories.png"/>
   <icon name="Centers for Disease Control.png"/>
   <icon name="Dialysis Centers.png"/>
   <icon name="Funeral Service Facilities.png"/>
   <icon name="Hospitals.png"/>
   <icon name="Nursing Home.png"/>
   <icon name="Pharmacies.png"/>
   <icon name="Public Health Departments.png"/>
   <icon name="Urgent Care Facilities.png"/>
   <icon name="Veterans Health Administration Medical Clinic.png"/>
   <icon name="Veterans Health Administration Medical Facilities.png"/>
   <icon name="Veterinary Service Facilities.png"/>
   <icon name="Drug Enforcement Agency.png"/>
   <icon name="FBI Offices.png"/>
   <icon name="Law (Generic).png"/>
   <icon name="Law Enforcement Locations.png"/>
   <icon name="US Customs and-Border Protection [CBP].png"/>
   <icon name="US Marshal Service.png"/>
   <icon name="USPS Inspection Service Facilities.png"/>
   <icon name="Streamflow Gaging Stations.png"/>
   <icon name="Tsunami Tide Alarm.png"/>
   <icon name="Tsunami Tide Gauges.png"/>
   <icon name="USPS Postal Inspection Service Facilities.png"/>
   <icon name="Aeronautical Obstructions.png"/>
   <icon name="Airport - BALLOONPORT.png"/>
   <icon name="Airport - Commercial.png"/>
   <icon name="Airport - General Aviation.png"/>
   <icon name="Airport - GLIDERPORT.png"/>
   <icon name="Airport - Heliport.png"/>
   <icon name="Airport - Seaplane.png"/>
   <icon name="Airport- ULTRALIGHT.png"/>
   <icon name="Amtrak Bus Station.png"/>
   <icon name="Amtrak Train.png"/>
   <icon name="Bridge (NBI).png"/>
   <icon name="Bus Station.png"/>
   <icon name="Communter Rail Systems.png"/>
   <icon name="Fixed Guideway Transit Stations.png"/>
   <icon name="Intermodal Terminal Facilities.png"/>
   <icon name="Line Haul Railroads.png"/>
   <icon name="Railroad Bridges.png"/>
   <icon name="Railroad Junction.png"/>
   <icon name="Railroad Yard.png"/>
   <icon name="Road-Railroad Tunnels.png"/>
   <icon name="Ferry Locations.png"/>
   <icon name="Major Port Facilities.png"/>
   <icon name="Amusement Parks.png"/>
   <icon name="Arena or Stadium.png"/>
   <icon name="Campground.png"/>
   <icon name="Casinos.png"/>
   <icon name="Catholic Churches.png"/>
   <icon name="Community Centers.png"/>
   <icon name="Convention Centers.png"/>
   <icon name="Cruise Line Terminals.png"/>
   <icon name="Drinking Establishments.png"/>
   <icon name="Golf Courses.png"/>
   <icon name="Highways Rest Areas.png"/>
   <icon name="Historic Sites.png"/>
   <icon name="Jewish Synagogues.png"/>
   <icon name="Libraries.png"/>
   <icon name="Marinas.png"/>
   <icon name="Mobile Home Parks.png"/>
   <icon name="Mosques.png"/>
   <icon name="Museums.png"/>
   <icon name="Places of Worship.png"/>
   <icon name="Protestant Churches.png"/>
   <icon name="Ski Resorts.png"/>
   <icon name="State County-Local Parks.png"/>
   <icon name="Theater-Performing Arts Centers.png"/>
   <icon name="Tourist Attractions.png"/>
   <icon name="Vineyards-Wineries.png"/>
   <icon name="Air-Water-Solid Waste Management Plants.png"/>
   <icon name="Drinking Water Source Federal Government.png"/>
   <icon name="Drinking Water Source Local Government.png"/>
   <icon name="Drinking Water Source Native American.png"/>
   <icon name="Drinking Water Source Private.png"/>
   <icon name="Drinking Water Source Public-Private.png"/>
   <icon name="Drinking Water Source State Government.png"/>
   <icon name="Drinking Water Source.png"/>
   <icon name="Drinking Water Storage.png"/>
   <icon name="Wastewater Treatment Plants.png"/>
   <icon name="Water System (Non Transient Non Community).png"/>
   <icon name="Water System Community water system.png"/>
</iconset>