<iconset version="1" name="Access Hazard [NAPS]" defaultGroup="Emergency Access Hazards" skipResize="false" uid="3ac7f67f55730f27187da25c97ccbc030a55158758e3db4e12bb16b823edfcb1">
   <icon name="ACCESS Clearance Low Height.png"/>
   <icon name="ACCESS Clearance Narrow No Access Fire Engine.png"/>
   <icon name="ACCESS Fire Engine.png"/>
   <icon name="ACCESS No Fire Engine.png"/>
   <icon name="ACCESS No Semi Truck Access.png"/>
   <icon name="ACCESS No Turnaround Ambulance.png"/>
   <icon name="ACCESS No Turnaround Fire Engine.png"/>
   <icon name="ACCESS No Turnaround Semi Truck.png"/>
   <icon name="ACCESS No Turnaround Vehicle General.png"/>
   <icon name="ACCESS No Turnaround.png"/>
   <icon name="ACCESS No Vertical Ladder Access.png"/>
   <icon name="ACCESS Restricted Weight.png"/>
   <icon name="ACCESS Road Vehicle General.png"/>
   <icon name="ACCESS Turnarounds.png"/>
   <icon name="Ambulance Access.png"/>
   <icon name="BLOCKED - No Access.png"/>
   <icon name="BLOCKED - Road.png"/>
   <icon name="BRIDGE Do Not Cross.png"/>
   <icon name="Clearance Low Height - No Access Fire Engine.png"/>
   <icon name="NO ACCESS Clearance Low Height.png"/>
   <icon name="NO ACCESS Clearance Narrow.png"/>
   <icon name="NO ACCESS for Vehicles.png"/>
   <icon name="Poor Access Vehicle General.png"/>
   <icon name="Steep Access (Difficult).png"/>
   <icon name="Steep Access (Easy).png"/>
   <icon name="Steep Access (Extreme).png"/>
   <icon name="Steep Access (General).png"/>
   <icon name="Steep Access (Moderate).png"/>
   <icon name="Steep Access Vehicle (General).png"/>
   <icon name="Traffic Bumps.png"/>
   <icon name="Traffic Circles.png"/>
   <icon name="Traffic Humps.png"/>
   <icon name="Turnarounds Freeway.png"/>
   <icon name="Turnarounds Roadway.png"/>
   <icon name="Vertical Ladder Access.png"/>
   <icon name="Emergency Access Ambulance.png"/>
   <icon name="Emergency Access Ladder Truck.png"/>
   <icon name="Emergency Access Pumper.png"/>
   <icon name="Emergency Access Small Vehicle.png"/>
   <icon name="Emergency Personel Access Fire Department.png"/>
   <icon name="Emergency Personel Access Police.png"/>
   <icon name="Emergency Personel Access PW.png"/>
   <icon name="Emergency Personel Access Trail.png"/>
   <icon name="Emergency Vertical Lift.png"/>
   <icon name="Emergency Walking Access Only.png"/>
   <icon name="Emergency Water Access.png"/>
   <icon name="Vehicle Parking.png"/>
</iconset>